秋元真夏	あきもと まなつ	1993/08/20	埼玉県
生田絵梨花	いくた えりか	1997/01/22	東京都
齋藤飛鳥	さいとう あすか	1998/08/10	東京都
高山一実	たかやま かずみ	1994/02/08	千葉県
樋口日奈	ひぐち ひな	1998/01/31	東京都
星野みなみ	ほしの みなみ	1998/02/06	千葉県
松村沙友理	まつむら さゆり	1992/08/27	大阪府
和田まあや	わだ まあや	1998/04/23	広島県
伊藤純奈	いとう じゅんな	1998/11/30	神奈川県
北野日奈子	きたの ひなこ	1996/07/17	北海道
新内眞衣	しんうち まい	1992/01/22	埼玉県
鈴木絢音	すずき あやね	1999/03/05	秋田県
寺田蘭世	てらだ らんぜ	1998/09/23	東京都
山崎怜奈	やまざき れな	1997/05/21	東京都
渡辺みり愛	わたなべ みりあ	1999/11/01	東京都
伊藤理々杏	いとう りりあ	2002/10/08	沖縄県
岩本蓮加	いわもと れんか	2004/02/02	東京都
梅澤美波	うめざわ みなみ	1999/01/06	神奈川県
大園桃子	おおぞの ももこ	1999/09/13	鹿児島県
久保史緒里	くぼ しおり	2001/07/14	宮城県
阪口珠美	さかぐち たまみ	2001/11/10	東京都
佐藤楓	さとう かえで	1998/03/23	愛知県
中村麗乃	なかむら れの	2001/09/27	東京都
向井葉月	むかい はづき	1999/08/23	東京都
山下美月	やました みづき	1999/07/26	東京都
吉田綾乃クリスティー	よしだ あやのクリスティー	1995/09/06	大分県
与田祐希	よだ ゆうき	2000/05/05	福岡県
遠藤さくら	えんどう さくら	2001/10/03	愛知県
賀喜遥香	かき はるか	2001/08/08	栃木県
掛橋沙耶香	かけはし さやか	2002/11/20	岡山県
金川紗耶	かながわ さや	2001/10/31	北海道
北川悠理	きたがわ ゆり	2001/08/08	カリフォルニア州
黒見明香	くろみ はるか	2004/01/19	東京都
佐藤璃果	さとう りか	2001/08/09	岩手県
柴田柚菜	しばた ゆな	2003/03/03	千葉県
清宮レイ	せいみや れい	2003/08/01	埼玉県
田村真佑	たむら まゆ	1999/01/12	埼玉県
筒井あやめ	つつい あやめ	2004/06/08	愛知県
早川聖来	はやかわ せいら	2000/08/24	大阪府
林瑠奈	はやし るな	2003/10/02	神奈川県
松尾美佑	まつお みゆ	2004/01/03	千葉県
矢久保美緒	やくぼ みお	2002/08/14	東京都
弓木奈於	ゆみき なお	1999/02/03	京都府
